评论者ID,评论者昵称,评论者性别,评论日期,评论时间,评论内容
评论者ID,评论者昵称,评论者性别,评论日期,评论时间,评论内容
评论者ID,评论者昵称,评论者性别,评论日期,评论时间,评论内容
评论者ID,评论者昵称,评论者性别,评论日期,评论时间,评论内容
评论者ID,评论者昵称,评论者性别,评论日期,评论时间,评论内容
评论者ID,评论者昵称,评论者性别,评论日期,评论时间,评论内容
评论者ID,评论者昵称,评论者性别,评论日期,评论时间,评论内容
评论者ID,评论者昵称,评论者性别,评论日期,评论时间,评论内容
评论者ID,评论者昵称,评论者性别,评论日期,评论时间,评论内容
评论者ID,评论者昵称,评论者性别,评论日期,评论时间,评论内容
评论者ID,评论者昵称,评论者性别,评论日期,评论时间,评论内容
评论者ID,评论者昵称,评论者性别,评论日期,评论时间,评论内容
评论者ID,评论者昵称,评论者性别,评论日期,评论时间,评论内容
评论者ID,评论者昵称,评论者性别,评论日期,评论时间,评论内容
评论者ID,评论者昵称,评论者性别,评论日期,评论时间,评论内容
评论者ID,评论者昵称,评论者性别,评论日期,评论时间,评论内容
评论者ID,评论者昵称,评论者性别,评论日期,评论时间,评论内容
评论者ID,评论者昵称,评论者性别,评论日期,评论时间,评论内容
评论者ID,评论者昵称,评论者性别,评论日期,评论时间,评论内容
评论者ID,评论者昵称,评论者性别,评论日期,评论时间,评论内容
评论者ID,评论者昵称,评论者性别,评论日期,评论时间,评论内容
